Reservoir Dogs,dick,0.4
Reservoir Dogs,dicks,0.43
Reservoir Dogs,fucked,0.55
Reservoir Dogs,fucking,0.61
Reservoir Dogs,bullshit,0.61
Reservoir Dogs,fuck,0.66
Reservoir Dogs,shit,0.9
Reservoir Dogs,fuck,1.43
Reservoir Dogs,dicks,1.56
Reservoir Dogs,fuck,1.66
Reservoir Dogs,dick,1.75
Reservoir Dogs,dick,1.75
Reservoir Dogs,dick,1.75
Reservoir Dogs,dick,1.75
Reservoir Dogs,dick,1.75
Reservoir Dogs,dick,1.75
Reservoir Dogs,dick,1.75
Reservoir Dogs,dicks,1.75
Reservoir Dogs,motherfucker,1.83
Reservoir Dogs,dick,1.96
Reservoir Dogs,pussy,2.15
Reservoir Dogs,fucks,2.18
Reservoir Dogs,fuck,2.3
Reservoir Dogs,fucking,2.45
Reservoir Dogs,hell,2.48
Reservoir Dogs,fucking,2.51
Reservoir Dogs,fucking,2.81
Reservoir Dogs,dick,2.86
Reservoir Dogs,jap,2.93
Reservoir Dogs,fuck,3.05
Reservoir Dogs,shit,3.2
Reservoir Dogs,fucking,3.4
Reservoir Dogs,fucking,3.55
Reservoir Dogs,fucking,3.7
Reservoir Dogs,motherfucker,3.93
Reservoir Dogs,motherfucker,3.98
Reservoir Dogs,shit,4.35
Reservoir Dogs,shit,4.76
Reservoir Dogs,fucking,4.86
Reservoir Dogs,dick,5.25
Reservoir Dogs,fucking,5.41
Reservoir Dogs,fucking,5.51
Reservoir Dogs,fucking,5.55
Reservoir Dogs,fucking,5.61
Reservoir Dogs,bullshit,6.23
Reservoir Dogs,fuck,6.46
Reservoir Dogs,fucked,6.58
Reservoir Dogs,fucks,6.66
Reservoir Dogs,bullshit,6.81
Reservoir Dogs,fucking,6.86
Reservoir Dogs,fucking,6.73
Reservoir Dogs,bastard,7.38
Reservoir Dogs,goddamn,7.41
Reservoir Dogs,goddamn,7.58
Reservoir Dogs,shit,9.63
Reservoir Dogs,fucking,9.96
Reservoir Dogs,shit,10.01
Reservoir Dogs,fucking,10.08
Reservoir Dogs,shit,10.26
Reservoir Dogs,goddamn,11.13
Reservoir Dogs,fucking,11.13
Reservoir Dogs,fucking,11.85
Reservoir Dogs,fucking,12.06
Reservoir Dogs,fucking,12.08
Reservoir Dogs,fucking,12.43
Reservoir Dogs,fucking,12.45
Reservoir Dogs,fucking,12.9
Reservoir Dogs,fucking,13.73
Reservoir Dogs,fuck,14.38
Reservoir Dogs,fucking,14.66
Reservoir Dogs,fucking,14.95
Reservoir Dogs,fucking,15.38
Reservoir Dogs,fucking,15.41
Reservoir Dogs,shit,15.45
Reservoir Dogs,fuck,15.51
Reservoir Dogs,fuck,15.65
Reservoir Dogs,fucking,15.75
Reservoir Dogs,fucked,15.86
Reservoir Dogs,fucked,15.88
Reservoir Dogs,fucked,15.93
Reservoir Dogs,fuck,16.45
Reservoir Dogs,motherfuckers,16.6
Reservoir Dogs,fucking,16.65
Reservoir Dogs,fuck,16.75
Reservoir Dogs,fucking,16.86
Reservoir Dogs,fucking,17.56
Reservoir Dogs,fuck,17.63
Reservoir Dogs,fucking,17.75
Reservoir Dogs,fucking,17.95
Reservoir Dogs,fucking,18
Reservoir Dogs,shit,20.13
Reservoir Dogs,fucking,20.16
Reservoir Dogs,fuck,20.68
Reservoir Dogs,fuck,20.73
Reservoir Dogs,fuck,20.93
Reservoir Dogs,fucking,20.96
Reservoir Dogs,asshole,20.98
Reservoir Dogs,fuck,21
Reservoir Dogs,fucking,21.01
Reservoir Dogs,fuck,21.2
Reservoir Dogs,fucking,22.18
Reservoir Dogs,fuck,22.21
Reservoir Dogs,motherfucker,22.46
Reservoir Dogs,fuck,22.6
Reservoir Dogs,goddamn,22.71
Reservoir Dogs,ass,22.8
Reservoir Dogs,fuck,23
Reservoir Dogs,fucking,23.2
Reservoir Dogs,assholes,23.35
Reservoir Dogs,fucking,24.01
Reservoir Dogs,fuck,24.05
Reservoir Dogs,fucking,24.6
Reservoir Dogs,fuck,24.66
Reservoir Dogs,fucking,24.76
Reservoir Dogs,fucking,25.13
Reservoir Dogs,shit,25.35
Reservoir Dogs,fuck,25.45
Reservoir Dogs,fucking,25.75
Reservoir Dogs,bullshit,25.76
Reservoir Dogs,fucking,26.01
Reservoir Dogs,fucking,26.06
Reservoir Dogs,fucking,26.16
Reservoir Dogs,fucking,26.26
Reservoir Dogs,hell,27.21
Reservoir Dogs,shit,28.6
Reservoir Dogs,fucking,28.6
Reservoir Dogs,fucking,28.83
Reservoir Dogs,shit,28.83
Reservoir Dogs,shit,29.16
Reservoir Dogs,hell,29.18
Reservoir Dogs,fucking,31.13
Reservoir Dogs,fuck,31.5
Reservoir Dogs,fucking,31.6
Reservoir Dogs,fuck,31.8
Reservoir Dogs,fuck,31.81
Reservoir Dogs,fucking,31.88
Reservoir Dogs,hell,32.11
Reservoir Dogs,fucking,32.43
Reservoir Dogs,fuck,32.55
Reservoir Dogs,fucking,32.58
Reservoir Dogs,shit,32.6
Reservoir Dogs,fuck,32.63
Reservoir Dogs,fucking,32.7
Reservoir Dogs,shit,32.91
Reservoir Dogs,asshole,33.76
Reservoir Dogs,shit,33.81
Reservoir Dogs,fucking,33.9
Reservoir Dogs,fucking,34.3
Reservoir Dogs,fuck,34.38
Reservoir Dogs,fucking,34.46
Reservoir Dogs,fucking,34.56
Reservoir Dogs,fucking,34.6
Reservoir Dogs,fuck,34.71
Reservoir Dogs,fucking,34.75
Reservoir Dogs,fuck,34.85
Reservoir Dogs,asshole,34.98
Reservoir Dogs,assholes,35.48
Reservoir Dogs,fuck,35.5
Reservoir Dogs,fucking,35.6
Reservoir Dogs,fucking,35.61
Reservoir Dogs,n-word,35.61
Reservoir Dogs,n-word,35.63
Reservoir Dogs,fucking,35.71
Reservoir Dogs,fucking,35.83
Reservoir Dogs,fuck,35.88
Reservoir Dogs,asses,35.95
Reservoir Dogs,fuck,36.01
Reservoir Dogs,shit,36.06
Reservoir Dogs,fucking,36.11
Reservoir Dogs,fuck,37.41
Reservoir Dogs,fucking,37.48
Reservoir Dogs,fuck,37.91
Reservoir Dogs,fucking,39.06
Reservoir Dogs,asshole,39.06
Reservoir Dogs,fucking,39.18
Reservoir Dogs,hell,39.46
Reservoir Dogs,hell,39.6
Reservoir Dogs,bitch,39.88
Reservoir Dogs,fucking,40.13
Reservoir Dogs,ass,40.15
Reservoir Dogs,ass,40.3
Reservoir Dogs,fuckup,40.48
Reservoir Dogs,shit,40.96
Reservoir Dogs,fuck,41.25
Reservoir Dogs,bastard,41.3
Reservoir Dogs,fuck,41.31
Reservoir Dogs,fuck,41.43
Reservoir Dogs,fucking,41.75
Reservoir Dogs,ass,41.76
Reservoir Dogs,bitch,41.85
Reservoir Dogs,fucking,41.93
Reservoir Dogs,n-word,41.93
Reservoir Dogs,ass,42
Reservoir Dogs,fucking,42.03
Reservoir Dogs,bitch,42.11
Reservoir Dogs,bitch,42.13
Reservoir Dogs,shit,42.16
Reservoir Dogs,fuck,42.55
Reservoir Dogs,motherfucker,42.56
Reservoir Dogs,fucker,42.6
Reservoir Dogs,shitty,42.66
Reservoir Dogs,asshead,42.86
Reservoir Dogs,fucking,43.06
Reservoir Dogs,fucking,43.31
Reservoir Dogs,shit,43.35
Reservoir Dogs,fuck,42.7
Reservoir Dogs,fuck,42.71
Reservoir Dogs,shit,43.86
Reservoir Dogs,fucking,44
Reservoir Dogs,shit,44.03
Reservoir Dogs,fucked,44.65
Reservoir Dogs,fuck,44.9
Reservoir Dogs,fucking,45.26
Reservoir Dogs,damn,45.4
Reservoir Dogs,fucking,46.48
Reservoir Dogs,fuck,46.53
Reservoir Dogs,fucking,46.65
Reservoir Dogs,fucking,46.66
Reservoir Dogs,fuck,47.5
Reservoir Dogs,fucking,47.51
Reservoir Dogs,fucking,47.55
Reservoir Dogs,fucking,47.7
Reservoir Dogs,fucking,47.71
Reservoir Dogs,fucking,47.73
Reservoir Dogs,fucking,47.75
Reservoir Dogs,fucking,47.8
Reservoir Dogs,fucking,47.88
Reservoir Dogs,shit,47.98
Reservoir Dogs,fucking,48.08
Reservoir Dogs,bullshit,48.15
Reservoir Dogs,fuck,48.16
Reservoir Dogs,fucking,48.25
Reservoir Dogs,fucking,48.26
Reservoir Dogs,hell,48.31
Reservoir Dogs,fucking,48.38
Reservoir Dogs,fucking,48.48
Reservoir Dogs,assholes,48.48
Reservoir Dogs,asshole,48.51
Reservoir Dogs,fucking,48.55
Reservoir Dogs,fucking,48.56
Reservoir Dogs,fucking,48.58
Reservoir Dogs,fucking,48.61
Reservoir Dogs,fucking,48.78
Reservoir Dogs,fucking,48.98
Reservoir Dogs,fucking,49.06
Reservoir Dogs,fucking,49.15
Reservoir Dogs,bastard,49.61
Reservoir Dogs,fuck,49.68
Reservoir Dogs,fucking,49.7
Reservoir Dogs,goddamn,49.75
Reservoir Dogs,fucking,49.8
Reservoir Dogs,fucking,49.9
Reservoir Dogs,fucking,49.98
Reservoir Dogs,fucking,50.51
Reservoir Dogs,bastard,50.68
Reservoir Dogs,fucking,50.76
Reservoir Dogs,motherfucker,50.91
Reservoir Dogs,fucking,51.08
Reservoir Dogs,fucking,51.36
Reservoir Dogs,fucking,51.51
Reservoir Dogs,fuck,51.88
Reservoir Dogs,fucking,51.98
Reservoir Dogs,fucking,53.28
Reservoir Dogs,shit,53.43
Reservoir Dogs,bitch,53.93
Reservoir Dogs,bullshit,54.25
Reservoir Dogs,fuck,54.3
Reservoir Dogs,fuck,56.73
Reservoir Dogs,shit,61
Reservoir Dogs,shit,62.15
Reservoir Dogs,fuck,62.28
Reservoir Dogs,fuck,62.83
Reservoir Dogs,fuck,62.91
Reservoir Dogs,fucking,62.95
Reservoir Dogs,bastard,62.95
Reservoir Dogs,fuck,63.15
Reservoir Dogs,fucking,63.21
Reservoir Dogs,fucking,63.26
Reservoir Dogs,fucking,63.3
Reservoir Dogs,fuck,63.33
Reservoir Dogs,fuck,63.35
Reservoir Dogs,fucking,63.38
Reservoir Dogs,fucking,62.41
Reservoir Dogs,pussy,63.81
Reservoir Dogs,fucking,63.91
Reservoir Dogs,motherfucker,64.31
Reservoir Dogs,ass,64.46
Reservoir Dogs,goddamn,64.75
Reservoir Dogs,fucking,64.76
Reservoir Dogs,motherfucker,65.15
Reservoir Dogs,ass,65.65
Reservoir Dogs,damned,65.73
Reservoir Dogs,motherfucker,65.76
Reservoir Dogs,ass,65.76
Reservoir Dogs,fucking,66.05
Reservoir Dogs,fucking,66.35
Reservoir Dogs,fucking,66.36
Reservoir Dogs,fucking,66.46
Reservoir Dogs,fucking,66.5
Reservoir Dogs,ass,66.5
Reservoir Dogs,hell,66.96
Reservoir Dogs,bullshit,67.03
Reservoir Dogs,fucking,67.21
Reservoir Dogs,fucking,67.28
Reservoir Dogs,shit,67.3
Reservoir Dogs,fucking,67.48
Reservoir Dogs,shit,67.88
Reservoir Dogs,motherfucker,68.01
Reservoir Dogs,fucking,68.66
Reservoir Dogs,fucking,69.25
Reservoir Dogs,fuck,69.28
Reservoir Dogs,shit,69.3
Reservoir Dogs,bitch,69.31
Reservoir Dogs,shit,69.35
Reservoir Dogs,ass,69.46
Reservoir Dogs,fucking,69.48
Reservoir Dogs,fucking,69.51
Reservoir Dogs,fucking,69.53
Reservoir Dogs,motherfucker,69.61
Reservoir Dogs,shit,69.78
Reservoir Dogs,fucking,69.86
Reservoir Dogs,ass,69.88
Reservoir Dogs,fucking,70.06
Reservoir Dogs,fucking,71.63
Reservoir Dogs,fuck,71.95
Reservoir Dogs,fucking,72.16
Reservoir Dogs,fucking,72.4
Reservoir Dogs,asshole,72.58
Reservoir Dogs,fucking,72.61
Reservoir Dogs,fucking,72.95
Reservoir Dogs,bitch,73.05
Reservoir Dogs,fucking,73.28
Reservoir Dogs,fucking,73.36
Reservoir Dogs,shit,74.01
Reservoir Dogs,shit,74.05
Reservoir Dogs,bitch,74.4
Reservoir Dogs,shit,74.43
Reservoir Dogs,motherfucker,74.5
Reservoir Dogs,pussy,76.13
Reservoir Dogs,shit,76.2
Reservoir Dogs,fucking,76.28
Reservoir Dogs,fucking,76.3
Reservoir Dogs,bitch,77.05
Reservoir Dogs,bitch,77.06
Reservoir Dogs,fuck,77.13
Reservoir Dogs,n-word,77.25
Reservoir Dogs,shit,77.28
Reservoir Dogs,n-word,77.33
Reservoir Dogs,ass,77.35
Reservoir Dogs,bitches,77.36
Reservoir Dogs,fuck,77.4
Reservoir Dogs,fucking,78.01
Reservoir Dogs,fuck,78.55
Reservoir Dogs,fucking,78.6
Reservoir Dogs,wetback,78.95
Reservoir Dogs,shit,79.1
Reservoir Dogs,fucking,79.11
Reservoir Dogs,shit,79.36
Reservoir Dogs,fucking,79.4
Reservoir Dogs,dick,79.48
Reservoir Dogs,dick,79.51
Reservoir Dogs,fucking,79.83
Reservoir Dogs,fuck,80.18
Reservoir Dogs,bullshit,80.31
Reservoir Dogs,fucking,80.46
Reservoir Dogs,hell,80.65
Reservoir Dogs,faggot,81.65
Reservoir Dogs,shit,82.05
Reservoir Dogs,pussy,82.08
Reservoir Dogs,goddamn,82.48
Reservoir Dogs,fucking,82.5
Reservoir Dogs,fucking,82.73
Reservoir Dogs,goddamn,82.9
Reservoir Dogs,goddamn,82.96
Reservoir Dogs,ass,83.86
Reservoir Dogs,fucking,84.16
Reservoir Dogs,shit,84.16
Reservoir Dogs,bitch,84.21
Reservoir Dogs,fuck,84.3
Reservoir Dogs,fuck,84.4
Reservoir Dogs,bitch,84.5
Reservoir Dogs,fuck,85.08
Reservoir Dogs,fuck,85.28
Reservoir Dogs,fucking,85.45
Reservoir Dogs,fucking,86.48
Reservoir Dogs,fucking,86.86
Reservoir Dogs,shit,86.91
Reservoir Dogs,fucking,86.96
Reservoir Dogs,shit,87.06
Reservoir Dogs,fuck,87.73
Reservoir Dogs,hell,88.38
Reservoir Dogs,shit,88.45
Reservoir Dogs,fucking,88.76
Reservoir Dogs,fucking,89.38
Reservoir Dogs,fucking,89.45
Reservoir Dogs,fucking,89.48
Reservoir Dogs,fucking,89.95
Reservoir Dogs,hell,90.1
Reservoir Dogs,bullshit,90.15
Reservoir Dogs,hell,90.3
Reservoir Dogs,fuck,90.36
Reservoir Dogs,shit,90.4
Reservoir Dogs,fucking,90.5
Reservoir Dogs,fucking,90.75
Reservoir Dogs,shit,90.88
Reservoir Dogs,cocksucker,90.91
Reservoir Dogs,fucking,91.15
Reservoir Dogs,fucking,91.35
Reservoir Dogs,fucking,91.48
Reservoir Dogs,fucking,91.75
Reservoir Dogs,fucking,91.96
Reservoir Dogs,fucking,92.01
Reservoir Dogs,goddamn,92.05
Reservoir Dogs,fucking,92.13
Reservoir Dogs,fucking,94.73
Reservoir Dogs,fucking,94.75
Reservoir Dogs,fucking,94.83
Reservoir Dogs,fucking,94.9
Reservoir Dogs,fucking,95.21
Reservoir Dogs,fucking,95.33
Reservoir Dogs,fucking,95.33
Pulp Fiction,shit,0.52
Pulp Fiction,fucking,0.82
Pulp Fiction,fuck,1.37
Pulp Fiction,fucking,1.62
Pulp Fiction,fucking,1.73
Pulp Fiction,fucking,1.77
Pulp Fiction,fucking,2.18
Pulp Fiction,fuck,2.22
Pulp Fiction,gook,2.28
Pulp Fiction,fuckers,2.28
Pulp Fiction,gooks,2.42
Pulp Fiction,fucking,2.45
Pulp Fiction,fucking,2.47
Pulp Fiction,fucking,2.53
Pulp Fiction,fuck,2.6
Pulp Fiction,fuck,3.52
Pulp Fiction,fucking,3.58
Pulp Fiction,wetback,3.67
Pulp Fiction,fuck,3.7
Pulp Fiction,fucking,4.68
Pulp Fiction,motherfucking,4.75
Pulp Fiction,fucking,7.7
Pulp Fiction,shit,7.87
Pulp Fiction,fuck,8.25
Pulp Fiction,goddamn,8.67
Pulp Fiction,fucking,8.72
Pulp Fiction,shit,8.72
Pulp Fiction,fucking,9.1
Pulp Fiction,n-word,10.08
Pulp Fiction,fucked,10.17
Pulp Fiction,fuck,10.4
Pulp Fiction,ass,10.73
Pulp Fiction,n-word,10.75
Pulp Fiction,n-word,10.85
Pulp Fiction,damn,10.98
Pulp Fiction,pussy,11.52
Pulp Fiction,fucking,11.55
Pulp Fiction,bitch,11.6
Pulp Fiction,bitch,11.6
Pulp Fiction,fucking,11.63
Pulp Fiction,fucking,11.68
Pulp Fiction,fucking,11.83
Pulp Fiction,fucking,11.88
Pulp Fiction,shit,11.92
Pulp Fiction,fucking,12.03
Pulp Fiction,shit,12.07
Pulp Fiction,fuck,12.2
Pulp Fiction,fuck,12.27
Pulp Fiction,motherfucking,12.88
Pulp Fiction,fucking,12.9
Pulp Fiction,n-word,12.92
Pulp Fiction,shit,12.93
Pulp Fiction,motherfucker,12.95
Pulp Fiction,shit,12.97
Pulp Fiction,ass,12.98
Pulp Fiction,motherfucker,13
Pulp Fiction,fucking,13.23
Pulp Fiction,fucking,13.33
Pulp Fiction,fucking,13.38
Pulp Fiction,fucking,13.43
Pulp Fiction,shit,13.47
Pulp Fiction,motherfucker,16.78
Pulp Fiction,shit,17.4
Pulp Fiction,goddamn,17.45
Pulp Fiction,ass,18.38
Pulp Fiction,shit,18.4
Pulp Fiction,fucked,18.62
Pulp Fiction,motherfucker,19.33
Pulp Fiction,motherfucker,19.57
Pulp Fiction,goddamn,19.58
Pulp Fiction,bitch,19.7
Pulp Fiction,bitch,19.82
Pulp Fiction,fuck,19.85
Pulp Fiction,bitch,19.85
Pulp Fiction,fuck,19.95
Pulp Fiction,fucked,20
Pulp Fiction,shit,21.32
Pulp Fiction,motherfucker,21.42
Pulp Fiction,motherfucking,21.82
Pulp Fiction,ass,21.88
Pulp Fiction,motherfuckers,22.03
Pulp Fiction,motherfuckers,22.08
Pulp Fiction,ass,22.1
Pulp Fiction,n-word,23.07
Pulp Fiction,fucking,23.47
Pulp Fiction,fuck,23.52
Pulp Fiction,shit,23.7
Pulp Fiction,ass,24.07
Pulp Fiction,ass,24.23
Pulp Fiction,asses,24.4
Pulp Fiction,goddamn,24.45
Pulp Fiction,n-word,24.45
Pulp Fiction,fucking,25.08
Pulp Fiction,goddamn,25.12
Pulp Fiction,fucking,25.17
Pulp Fiction,fucking,25.28
Pulp Fiction,shit,25.33
Pulp Fiction,fucking,25.37
Pulp Fiction,asshole,25.42
Pulp Fiction,n-word,25.88
Pulp Fiction,ass,25.92
Pulp Fiction,shit,27.75
Pulp Fiction,fucking,27.78
Pulp Fiction,n-word,27.88
Pulp Fiction,shit,27.98
Pulp Fiction,shit,27.98
Pulp Fiction,shit,28.03
Pulp Fiction,shit,28.08
Pulp Fiction,fucking,28.1
Pulp Fiction,fucking,28.22
Pulp Fiction,fucking,28.3
Pulp Fiction,shit,28.98
Pulp Fiction,fucker,29.43
Pulp Fiction,fucking,29.47
Pulp Fiction,fucked,29.52
Pulp Fiction,dickless,29.63
Pulp Fiction,shit,29.65
Pulp Fiction,fucked,29.67
Pulp Fiction,fucking,29.68
Pulp Fiction,asshole,29.82
Pulp Fiction,fucker,29.88
Pulp Fiction,chickenshit,29.92
Pulp Fiction,fucking,29.92
Pulp Fiction,fuck,29.97
Pulp Fiction,fuck,34.25
Pulp Fiction,hell,37.02
Pulp Fiction,hell,37.03
Pulp Fiction,goddamn,41.05
Pulp Fiction,fucking,41.05
Pulp Fiction,fucking,41.12
Pulp Fiction,bullshit,41.9
Pulp Fiction,fuck,42.1
Pulp Fiction,goddamn,42.98
Pulp Fiction,goddamn,43
Pulp Fiction,goddamn,43.03
Pulp Fiction,fucking,54.58
Pulp Fiction,fuck,54.63
Pulp Fiction,fuck,54.67
Pulp Fiction,fuck,54.68
Pulp Fiction,fucking,54.97
Pulp Fiction,fuck,55
Pulp Fiction,fuck,55.48
Pulp Fiction,goddamn,55.75
Pulp Fiction,fucking,55.83
Pulp Fiction,assholes,55.83
Pulp Fiction,fucking,55.93
Pulp Fiction,asshole,55.93
Pulp Fiction,fucking,56.1
Pulp Fiction,fucking,56.22
Pulp Fiction,fucking,56.28
Pulp Fiction,fucked,56.32
Pulp Fiction,fucking,56.38
Pulp Fiction,fucking,56.45
Pulp Fiction,fucking,56.53
Pulp Fiction,fucked,56.55
Pulp Fiction,fucking,56.55
Pulp Fiction,hell,56.92
Pulp Fiction,fucking,56.98
Pulp Fiction,shit,57.02
Pulp Fiction,fuck,57.03
Pulp Fiction,fucking,57.05
Pulp Fiction,fucked,57.12
Pulp Fiction,bitch,57.12
Pulp Fiction,fucked,57.17
Pulp Fiction,bitch,57.18
Pulp Fiction,fucking,57.25
Pulp Fiction,fucking,57.38
Pulp Fiction,shit,57.45
Pulp Fiction,shit,57.57
Pulp Fiction,goddamn,57.62
Pulp Fiction,fuck,57.63
Pulp Fiction,hell,57.82
Pulp Fiction,fucking,57.85
Pulp Fiction,fuck,57.85
Pulp Fiction,fuck,57.87
Pulp Fiction,fucking,57.88
Pulp Fiction,bitch,57.9
Pulp Fiction,fuck,57.98
Pulp Fiction,fucking,58.15
Pulp Fiction,fucking,58.48
Pulp Fiction,fuck,58.87
Pulp Fiction,fucking,58.88
Pulp Fiction,fucking,59.05
Pulp Fiction,fucking,59.27
Pulp Fiction,fuck,59.32
Pulp Fiction,bitch,59.65
Pulp Fiction,fucking,59.97
Pulp Fiction,fucking,60.15
Pulp Fiction,fucking,60.93
Pulp Fiction,hell,64.47
Pulp Fiction,gooks,67.33
Pulp Fiction,damned,67.5
Pulp Fiction,slope,67.5
Pulp Fiction,ass,67.6
Pulp Fiction,ass,67.67
Pulp Fiction,ass,67.78
Pulp Fiction,ass,70.3
Pulp Fiction,ass,70.38
Pulp Fiction,goddamn,70.4
Pulp Fiction,motherfucker,70.5
Pulp Fiction,n-word,70.55
Pulp Fiction,ass,70.6
Pulp Fiction,shit,72.98
Pulp Fiction,fuck,73.78
Pulp Fiction,fuck,73.92
Pulp Fiction,fucking,74.02
Pulp Fiction,fuck,74.12
Pulp Fiction,fuck,74.45
Pulp Fiction,goddamn,74.72
Pulp Fiction,damn,77.47
Pulp Fiction,fuckhead,80.7
Pulp Fiction,merde,82.75
Pulp Fiction,fucking,84.95
Pulp Fiction,fuck,84.95
Pulp Fiction,fuck,85.28
Pulp Fiction,fucking,85.42
Pulp Fiction,shit,85.58
Pulp Fiction,fucking,85.65
Pulp Fiction,fuck,85.78
Pulp Fiction,fuck,86.03
Pulp Fiction,fuck,86.03
Pulp Fiction,fuck,86.05
Pulp Fiction,motherfucker,86.07
Pulp Fiction,fuck,86.1
Pulp Fiction,fucking,86.15
Pulp Fiction,fucking,86.15
Pulp Fiction,fuck,86.8
Pulp Fiction,shit,88.03
Pulp Fiction,fucking,88.05
Pulp Fiction,fucking,88.07
Pulp Fiction,motherfucker,94.7
Pulp Fiction,damned,95.35
Pulp Fiction,fuck,96.08
Pulp Fiction,motherfucker,96.2
Pulp Fiction,fucking,96.32
Pulp Fiction,shit,96.33
Pulp Fiction,motherfucking,96.45
Pulp Fiction,goddamn,96.5
Pulp Fiction,n-word,96.78
Pulp Fiction,n-word,100.53
Pulp Fiction,goddamn,102.35
Pulp Fiction,goddamn,102.38
Pulp Fiction,fucker,102.63
Pulp Fiction,motherfucker,102.67
Pulp Fiction,motherfucker,103.35
Pulp Fiction,fuck,103.93
Pulp Fiction,fuck,104.88
Pulp Fiction,fuck,104.95
Pulp Fiction,fuck,106.4
Pulp Fiction,fucking,106.62
Pulp Fiction,n-word,107.08
Pulp Fiction,damn,107.33
Pulp Fiction,ass,107.37
Pulp Fiction,ass,108.22
Pulp Fiction,ass,108.73
Pulp Fiction,shit,109.97
Pulp Fiction,fuck,110
Pulp Fiction,fucking,110.7
Pulp Fiction,fucking,111.15
Pulp Fiction,fuck,111.73
Pulp Fiction,fucked,111.78
Pulp Fiction,fucked,112.87
Pulp Fiction,fucked,112.87
Pulp Fiction,fuck,112.88
Pulp Fiction,goddamn,112.95
Pulp Fiction,damn,112.97
Pulp Fiction,fuck,112.98
Pulp Fiction,shit,113.08
Pulp Fiction,motherfuckers,113.13
Pulp Fiction,fuck,113.65
Pulp Fiction,goddamn,113.75
Pulp Fiction,fucking,113.93
Pulp Fiction,shit,114.03
Pulp Fiction,motherfucking,114.43
Pulp Fiction,fucking,114.52
Pulp Fiction,shit,114.53
Pulp Fiction,fucking,114.57
Pulp Fiction,shit,114.6
Pulp Fiction,shit,114.63
Pulp Fiction,fucking,114.75
Pulp Fiction,fucking,114.85
Pulp Fiction,n-word,115.08
Pulp Fiction,shit,115.12
Pulp Fiction,fucking,115.53
Pulp Fiction,fuck,115.55
Pulp Fiction,ass,115.63
Pulp Fiction,goddamn,115.68
Pulp Fiction,fucking,115.72
Pulp Fiction,ass,115.87
Pulp Fiction,damn,115.88
Pulp Fiction,fuck,116.1
Pulp Fiction,shit,116.12
Pulp Fiction,fuck,116.17
Pulp Fiction,ass,116.23
Pulp Fiction,shit,116.23
Pulp Fiction,motherfucking,116.33
Pulp Fiction,bitch,116.38
Pulp Fiction,fucking,116.42
Pulp Fiction,motherfucker,116.5
Pulp Fiction,shit,116.55
Pulp Fiction,fucking,116.57
Pulp Fiction,fucking,116.67
Pulp Fiction,shit,116.7
Pulp Fiction,ass,116.83
Pulp Fiction,fuck,116.85
Pulp Fiction,fucking,117.02
Pulp Fiction,shit,117.02
Pulp Fiction,fucking,117.13
Pulp Fiction,asses,117.18
Pulp Fiction,shit,117.52
Pulp Fiction,shit,117.53
Pulp Fiction,shit,117.6
Pulp Fiction,ass,117.63
Pulp Fiction,fuck,117.65
Pulp Fiction,n-word,117.65
Pulp Fiction,fuck,117.67
Pulp Fiction,shit,117.78
Pulp Fiction,fucking,117.87
Pulp Fiction,goddamn,117.9
Pulp Fiction,shit,117.98
Pulp Fiction,goddamn,118.4
Pulp Fiction,shit,118.45
Pulp Fiction,shit,118.58
Pulp Fiction,fucking,118.68
Pulp Fiction,shit,118.77
Pulp Fiction,n-word,118.92
Pulp Fiction,n-word,119.07
Pulp Fiction,shit,119.12
Pulp Fiction,n-word,119.17
Pulp Fiction,n-word,119.3
Pulp Fiction,fucking,119.32
Pulp Fiction,motherfucker,119.37
Pulp Fiction,fucking,119.4
Pulp Fiction,fucking,119.52
Pulp Fiction,fucking,119.57
Pulp Fiction,fucking,119.72
Pulp Fiction,fucking,119.77
Pulp Fiction,fuck,120.12
Pulp Fiction,fuck,120.18
Pulp Fiction,shit,120.18
Pulp Fiction,fuck,120.25
Pulp Fiction,shit,120.25
Pulp Fiction,fucking,120.27
Pulp Fiction,shit,120.27
Pulp Fiction,fuck,120.3
Pulp Fiction,shit,120.3
Pulp Fiction,fucking,120.55
Pulp Fiction,shit,120.55
Pulp Fiction,shit,120.83
Pulp Fiction,motherfucking,121.03
Pulp Fiction,ass,121.07
Pulp Fiction,motherfucker,121.12
Pulp Fiction,n-word,121.13
Pulp Fiction,motherfucker,121.27
Pulp Fiction,n-word,121.32
Pulp Fiction,motherfucker,121.45
Pulp Fiction,shit,121.47
Pulp Fiction,motherfucker,123.85
Pulp Fiction,fucking,125.57
Pulp Fiction,fucking,126
Pulp Fiction,ass,128
Pulp Fiction,shit,128
Pulp Fiction,fucked,128.03
Pulp Fiction,shit,128.03
Pulp Fiction,fuck,128.17
Pulp Fiction,shit,128.18
Pulp Fiction,motherfucker,128.2
Pulp Fiction,shit,128.22
Pulp Fiction,ass,128.27
Pulp Fiction,fucking,128.35
Pulp Fiction,fucking,128.4
Pulp Fiction,fucking,128.43
Pulp Fiction,motherfucker,128.53
Pulp Fiction,motherfucker,128.53
Pulp Fiction,fuck,128.67
Pulp Fiction,motherfucker,128.68
Pulp Fiction,fucking,128.73
Pulp Fiction,n-word,128.78
Pulp Fiction,dicks,129.12
Pulp Fiction,shit,129.52
Pulp Fiction,ass,129.33
Pulp Fiction,goddamn,129.5
Pulp Fiction,shit,129.83
Pulp Fiction,goddamn,130.08
Pulp Fiction,fucking,130.1
Pulp Fiction,fuck,130.22
Pulp Fiction,fuck,130.22
Pulp Fiction,damn,130.25
Pulp Fiction,goddamn,130.3
Pulp Fiction,motherfucker,130.9
Pulp Fiction,fucking,131.5
Pulp Fiction,shit,131.57
Pulp Fiction,fucking,131.85
Pulp Fiction,fucking,133.48
Pulp Fiction,fucking,133.55
Pulp Fiction,fucking,133.63
Pulp Fiction,motherfuckers,134
Pulp Fiction,shit,134.05
Pulp Fiction,motherfucking,134.55
Pulp Fiction,shit,134.85
Pulp Fiction,shit,135.35
Pulp Fiction,shit,135.38
Pulp Fiction,fucking,135.47
Pulp Fiction,shit,135.48
Pulp Fiction,fucking,135.77
Pulp Fiction,fuck,135.93
Pulp Fiction,shit,136.6
Pulp Fiction,fucking,136.8
Pulp Fiction,fucking,137.05
Pulp Fiction,shit,137.22
Pulp Fiction,fuck,137.57
Pulp Fiction,fucking,137.93
Pulp Fiction,motherfuckers,138
Pulp Fiction,fuck,138.1
Pulp Fiction,fucking,138.22
Pulp Fiction,fuck,138.23
Pulp Fiction,fuck,138.28
Pulp Fiction,fucking,138.3
Pulp Fiction,fucking,138.33
Pulp Fiction,fucking,138.37
Pulp Fiction,fuck,138.43
Pulp Fiction,fucking,138.48
Pulp Fiction,fucking,138.65
Pulp Fiction,fucking,138.68
Pulp Fiction,fuck,138.87
Pulp Fiction,fucking,139
Pulp Fiction,fuck,139.23
Pulp Fiction,fucking,139.53
Pulp Fiction,fucking,139.6
Pulp Fiction,fucking,139.75
Pulp Fiction,fucking,139.85
Pulp Fiction,fucking,139.97
Pulp Fiction,fuck,140.05
Pulp Fiction,shit,140.72
Pulp Fiction,fucking,141.05
Pulp Fiction,fuck,141.15
Pulp Fiction,goddamn,141.18
Pulp Fiction,fucking,141.43
Pulp Fiction,goddamn,142.23
Pulp Fiction,bitch,142.37
Pulp Fiction,bitch,142.4
Pulp Fiction,bitch,142.42
Pulp Fiction,fucking,142.45
Pulp Fiction,bitch,142.45
Pulp Fiction,fucking,142.5
Pulp Fiction,bitch,142.5
Pulp Fiction,motherfuckers,143.77
Pulp Fiction,motherfuckers,143.8
Pulp Fiction,asses,144.25
Pulp Fiction,fucking,144.27
Pulp Fiction,shit,144.3
Pulp Fiction,shit,144.48
Pulp Fiction,ass,144.53
Pulp Fiction,goddamn,144.82
Pulp Fiction,motherfucker,145.38
Pulp Fiction,motherfucker,145.68
Pulp Fiction,fucking,146.23
Pulp Fiction,goddamn,146.3
Pulp Fiction,motherfucking,146.32
Pulp Fiction,fuck,146.35
Pulp Fiction,ass,146.67
Pulp Fiction,shit,147.43
Pulp Fiction,ass,147.48
Pulp Fiction,shit,147.58
Pulp Fiction,motherfucker,147.6
Pulp Fiction,ass,147.62
Pulp Fiction,shit,147.65
Pulp Fiction,ass,147.9
Pulp Fiction,shit,148.15
Kill Bill: Vol. 1,bitch,7.12
Kill Bill: Vol. 1,ass,8.1
Kill Bill: Vol. 1,damn,8.12
Kill Bill: Vol. 1,bitch,10.45
Kill Bill: Vol. 1,shit,10.5
Kill Bill: Vol. 1,fucked,10.95
Kill Bill: Vol. 1,fucked,10.98
Kill Bill: Vol. 1,bitch,11.87
Kill Bill: Vol. 1,goddamn,12.17
Kill Bill: Vol. 1,fucking,12.17
Kill Bill: Vol. 1,bitch,12.48
Kill Bill: Vol. 1,fuck,13.07
Kill Bill: Vol. 1,bitch,13.08
Kill Bill: Vol. 1,shit,13.13
Kill Bill: Vol. 1,motherfucking,13.18
Kill Bill: Vol. 1,ass,13.18
Kill Bill: Vol. 1,motherfucking,13.28
Kill Bill: Vol. 1,bitch,13.42
Kill Bill: Vol. 1,goddamn,17.2
Kill Bill: Vol. 1,hell,17.58
Kill Bill: Vol. 1,goddamn,18.02
Kill Bill: Vol. 1,shit,18.07
Kill Bill: Vol. 1,goddamn,19.32
Kill Bill: Vol. 1,cocksucker,19.73
Kill Bill: Vol. 1,fuck,22.93
Kill Bill: Vol. 1,shit,23.4
Kill Bill: Vol. 1,shit,23.45
Kill Bill: Vol. 1,fucking,25.02
Kill Bill: Vol. 1,shithead,25.12
Kill Bill: Vol. 1,fuck,28.03
Kill Bill: Vol. 1,cunt,28.43
Kill Bill: Vol. 1,shit,28.88
Kill Bill: Vol. 1,goddamn,29.37
Kill Bill: Vol. 1,bullshit,31.07
Kill Bill: Vol. 1,shit,31.32
Kill Bill: Vol. 1,fuck,31.42
Kill Bill: Vol. 1,fuck,31.6
Kill Bill: Vol. 1,pussy,32.12
Kill Bill: Vol. 1,fucker,32.15
Kill Bill: Vol. 1,cunts,35.15
Kill Bill: Vol. 1,dicks,35.22
Kill Bill: Vol. 1,shit,46.45
Kill Bill: Vol. 1,bastard,46.47
Kill Bill: Vol. 1,ass,46.63
Kill Bill: Vol. 1,goddamn,47.97
Kill Bill: Vol. 1,hell,48.03
Kill Bill: Vol. 1,damn,48.6
Kill Bill: Vol. 1,bastard,62.33
Kill Bill: Vol. 1,fuckface,62.35
Kill Bill: Vol. 1,bitch,62.87
Kill Bill: Vol. 1,fucking,64.2
Kill Bill: Vol. 1,fucker,64.23
Kill Bill: Vol. 1,bitches,64.32
Kill Bill: Vol. 1,fucking,64.38
Kill Bill: Vol. 1,goddamn,73.48
Kill Bill: Vol. 1,fucking,88.18
Kill Bill: Vol. 1,hell,100.1
Kill Bill: Vol. 2,hell,1.18
Kill Bill: Vol. 2,bitch,4.83
Kill Bill: Vol. 2,ass,9.02
Kill Bill: Vol. 2,cockblockery,9.62
Kill Bill: Vol. 2,goddamn,11.38
Kill Bill: Vol. 2,damn,12.82
Kill Bill: Vol. 2,japs,15.53
Kill Bill: Vol. 2,jew (verb),17.33
Kill Bill: Vol. 2,fucking,18.7
Kill Bill: Vol. 2,ass,18.72
Kill Bill: Vol. 2,fucking,19.37
Kill Bill: Vol. 2,asshole,20.17
Kill Bill: Vol. 2,fucking,20.3
Kill Bill: Vol. 2,fucking,20.57
Kill Bill: Vol. 2,fucking,20.98
Kill Bill: Vol. 2,fucking,21.37
Kill Bill: Vol. 2,fucking,21.42
Kill Bill: Vol. 2,fucking,21.52
Kill Bill: Vol. 2,shit,21.8
Kill Bill: Vol. 2,shitty,22.5
Kill Bill: Vol. 2,ass,26.62
Kill Bill: Vol. 2,shit,27.03
Kill Bill: Vol. 2,bitch,28.93
Kill Bill: Vol. 2,ass,29.92
Kill Bill: Vol. 2,damn,30.47
Kill Bill: Vol. 2,bitch,33.02
Kill Bill: Vol. 2,pussy,33.15
Kill Bill: Vol. 2,pussy,33.23
Kill Bill: Vol. 2,ass,34.6
Kill Bill: Vol. 2,goddamn,34.7
Kill Bill: Vol. 2,fucking,34.77
Kill Bill: Vol. 2,bastards,44.12
Kill Bill: Vol. 2,fucker,44.65
Kill Bill: Vol. 2,ass,47.13
Kill Bill: Vol. 2,goddamn,49.2
Kill Bill: Vol. 2,japs,49.2
Kill Bill: Vol. 2,goddamn,50.93
Kill Bill: Vol. 2,fucked,65.67
Kill Bill: Vol. 2,horeshit,68.4
Kill Bill: Vol. 2,shit,72.45
Kill Bill: Vol. 2,bitch,78.9
Kill Bill: Vol. 2,fucking,79.88
Kill Bill: Vol. 2,bitch,79.88
Kill Bill: Vol. 2,fucking,79.93
Kill Bill: Vol. 2,fuck,79.93
Kill Bill: Vol. 2,fucking,80.28
Kill Bill: Vol. 2,fucking,80.63
Kill Bill: Vol. 2,shit,80.75
Kill Bill: Vol. 2,pussy,85.35
Kill Bill: Vol. 2,pussy,85.4
Kill Bill: Vol. 2,fucking,102.12
Kill Bill: Vol. 2,goddamn,103.23
Kill Bill: Vol. 2,fuck,103.28
Kill Bill: Vol. 2,shit,104.63
Kill Bill: Vol. 2,ass,107.43
Kill Bill: Vol. 2,fuck,110.23
Kill Bill: Vol. 2,fucking,110.93
Kill Bill: Vol. 2,bitch,110.97
Kill Bill: Vol. 2,fucking,111.05
Kill Bill: Vol. 2,bullshit,111.58
Kill Bill: Vol. 2,shitless,111.92
Kill Bill: Vol. 2,fucking,112.52
Kill Bill: Vol. 2,shit,112.52
Kill Bill: Vol. 2,fucking,116.28
Kill Bill: Vol. 2,assholes,116.28
Kill Bill: Vol. 2,fucking,116.57
Kill Bill: Vol. 2,bastard,117.25
Kill Bill: Vol. 2,bastard,117.35
Kill Bill: Vol. 2,cunt,119.58
Inglorious Basterds,hell,22.2
Inglorious Basterds,goddamn,22.22
Inglorious Basterds,fucking,22.32
Inglorious Basterds,bitch,22.55
Inglorious Basterds,fucking,30.93
Inglorious Basterds,goddamn,31.05
Inglorious Basterds,goddamn,32.52
Inglorious Basterds,ass,32.65
Inglorious Basterds,fuck,32.97
Inglorious Basterds,shitting,34.9
Inglorious Basterds,fucking,34.97
Inglorious Basterds,fucking,35.05
Inglorious Basterds,fucking,35.1
Inglorious Basterds,damn,35.2
Inglorious Basterds,fuck,35.3
Inglorious Basterds,ass,48.17
Inglorious Basterds,negro,48.68
Inglorious Basterds,shit,51.48
Inglorious Basterds,hell,52.55
Inglorious Basterds,negro,58.43
Inglorious Basterds,negro,59.38
Inglorious Basterds,negro,59.57
Inglorious Basterds,fuck,61.83
Inglorious Basterds,goddamn,69.48
Inglorious Basterds,fucking,69.5
Inglorious Basterds,squaw,73
Inglorious Basterds,ass,75.83
Inglorious Basterds,negro,86.97
Inglorious Basterds,slut,90.53
Inglorious Basterds,hell,92.03
Inglorious Basterds,damn,92.27
Inglorious Basterds,fucking,96.87
Inglorious Basterds,goddamn,97.12
Inglorious Basterds,fuck,97.53
Inglorious Basterds,hell,100.97
Inglorious Basterds,damn,101
Inglorious Basterds,fuck,101.82
Inglorious Basterds,ass,102.68
Inglorious Basterds,shit,103.4
Inglorious Basterds,fucking,103.82
Inglorious Basterds,fucker,107.77
Inglorious Basterds,fuck,107.82
Inglorious Basterds,ass,111.43
Inglorious Basterds,fucking,121.53
Inglorious Basterds,shithead,121.53
Inglorious Basterds,fuck,121.55
Inglorious Basterds,fuck,121.57
Inglorious Basterds,shithead,121.62
Inglorious Basterds,fuck,121.63
Inglorious Basterds,fuck,121.68
Inglorious Basterds,goddamn,121.77
Inglorious Basterds,bitches,121.78
Inglorious Basterds,goddamn,121.87
Inglorious Basterds,damn,124.72
Inglorious Basterds,shit,137.82
Inglorious Basterds,ass,138.93
Inglorious Basterds,fuck,147.62
Inglorious Basterds,goddamn,148.73
Django Unchained,goddamn,7.23
Django Unchained,goddamn,8.37
Django Unchained,bitch,8.38
Django Unchained,damn,8.65
Django Unchained,fucking,8.87
Django Unchained,damn,8.88
Django Unchained,n-word,9.8
Django Unchained,goddamn,10.07
Django Unchained,hell,10.53
Django Unchained,n-word,13.57
Django Unchained,n-word,14.07
Django Unchained,hell,14.75
Django Unchained,n-word,14.78
Django Unchained,ass,19.37
Django Unchained,goddamn,20.25
Django Unchained,n-word,20.47
Django Unchained,hell,22.67
Django Unchained,n-word,24.98
Django Unchained,n-word,28.55
Django Unchained,n-word,28.65
Django Unchained,n-word,28.8
Django Unchained,n-word,29.38
Django Unchained,n-word,29.5
Django Unchained,n-word,29.65
Django Unchained,n-word,31.07
Django Unchained,n-word,31.1
Django Unchained,damn,33.12
Django Unchained,goddamn,36.55
Django Unchained,bitch,36.57
Django Unchained,bitches,40.92
Django Unchained,n-word,41.68
Django Unchained,n-word,42.02
Django Unchained,fucking,42.23
Django Unchained,shit,42.23
Django Unchained,fucking,42.33
Django Unchained,shit,42.38
Django Unchained,goddamn,42.45
Django Unchained,shit,42.47
Django Unchained,goddamn,42.5
Django Unchained,shit,43.12
Django Unchained,fucking,43.22
Django Unchained,fucking,43.25
Django Unchained,fucking,43.27
Django Unchained,fuck,43.28
Django Unchained,bitches,43.42
Django Unchained,n-word,43.65
Django Unchained,goddamn,44.3
Django Unchained,fucking,44.42
Django Unchained,shit,44.55
Django Unchained,n-word,44.58
Django Unchained,n-word,44.63
Django Unchained,n-word,44.67
Django Unchained,shit,45.5
Django Unchained,hell,47.65
Django Unchained,hell,48.3
Django Unchained,damn,53.08
Django Unchained,n-word,59.42
Django Unchained,goddamned,59.65
Django Unchained,n-word,59.75
Django Unchained,fuck,60.5
Django Unchained,fucking,62.22
Django Unchained,n-word,63.2
Django Unchained,n-word,64.78
Django Unchained,n-word,70.1
Django Unchained,n-word,71.17
Django Unchained,n-word,71.2
Django Unchained,n-word,71.23
Django Unchained,n-word,71.28
Django Unchained,n-word,71.35
Django Unchained,n-word,71.87
Django Unchained,n-word,73.17
Django Unchained,n-word,73.23
Django Unchained,n-word,73.32
Django Unchained,n-word,73.73
Django Unchained,n-word,74
Django Unchained,n-word,74.4
Django Unchained,goddamn,74.77
Django Unchained,n-word,74.83
Django Unchained,hell,75.67
Django Unchained,goddamn,76.2
Django Unchained,n-word,76.3
Django Unchained,n-word,76.37
Django Unchained,ass,76.45
Django Unchained,goddamn,76.45
Django Unchained,hell,76.92
Django Unchained,n-word,78.48
Django Unchained,ass,79.57
Django Unchained,goddamn,79.63
Django Unchained,goddamn,79.77
Django Unchained,n-word,79.8
Django Unchained,n-word,81.32
Django Unchained,goddamn,81.68
Django Unchained,n-word,82.98
Django Unchained,n-word,83.47
Django Unchained,n-word,83.52
Django Unchained,n-word,83.68
Django Unchained,n-word,84.47
Django Unchained,ass,88.32
Django Unchained,n-word,88.35
Django Unchained,n-word,88.75
Django Unchained,ass,88.97
Django Unchained,n-word,89.13
Django Unchained,n-word,89.13
Django Unchained,n-word,89.35
Django Unchained,bastard,89.52
Django Unchained,n-word,89.62
Django Unchained,ass,90.03
Django Unchained,motherfucker,90.03
Django Unchained,goddamn,90.17
Django Unchained,n-word,90.32
Django Unchained,goddamn,90.37
Django Unchained,n-word,90.42
Django Unchained,shit,90.43
Django Unchained,ass,90.88
Django Unchained,n-word,91
Django Unchained,n-word,91.02
Django Unchained,n-word,91.17
Django Unchained,n-word,91.18
Django Unchained,ass,92.12
Django Unchained,damn,92.23
Django Unchained,damn,92.25
Django Unchained,shit,92.27
Django Unchained,damn,92.33
Django Unchained,bitch,92.37
Django Unchained,n-word,92.53
Django Unchained,n-word,92.67
Django Unchained,ass,92.78
Django Unchained,ass,93.22
Django Unchained,n-word,96.73
Django Unchained,ass,101.02
Django Unchained,n-word,101.48
Django Unchained,n-word,101.97
Django Unchained,n-word,102.07
Django Unchained,n-word,102.32
Django Unchained,n-word,102.6
Django Unchained,n-word,102.78
Django Unchained,n-word,102.83
Django Unchained,n-word,103.02
Django Unchained,n-word,103.15
Django Unchained,n-word,103.2
Django Unchained,hell,103.83
Django Unchained,n-word,104.23
Django Unchained,n-word,104.27
Django Unchained,ass,104.35
Django Unchained,n-word,104.9
Django Unchained,bitch,104.97
Django Unchained,n-word,105.62
Django Unchained,n-word,106.12
Django Unchained,ass,108.38
Django Unchained,n-word,108.48
Django Unchained,n-word,108.65
Django Unchained,n-word,109.12
Django Unchained,n-word,109.18
Django Unchained,n-word,109.2
Django Unchained,goddamn,109.33
Django Unchained,goddamn,111.33
Django Unchained,damn,111.53
Django Unchained,n-word,112.08
Django Unchained,shit,112.08
Django Unchained,fucked,112.08
Django Unchained,motherfuckers,113.05
Django Unchained,hell,113.22
Django Unchained,ass,113.25
Django Unchained,n-word,113.5
Django Unchained,n-word,113.97
Django Unchained,n-word,114.05
Django Unchained,fuck,114.15
Django Unchained,bitch,114.18
Django Unchained,goddamn,114.93
Django Unchained,bitches,115.02
Django Unchained,bitches,115.07
Django Unchained,damn,116.65
Django Unchained,goddamn,117.85
Django Unchained,jackass,120.65
Django Unchained,ass,121.12
Django Unchained,goddamn,121.12
Django Unchained,n-word,121.37
Django Unchained,n-word,121.67
Django Unchained,n-word,122.45
Django Unchained,goddamn,122.6
Django Unchained,ass,122.63
Django Unchained,n-word,123.42
Django Unchained,shit,130.07
Django Unchained,n-word,130.38
Django Unchained,ass,130.45
Django Unchained,fucking,132.22
Django Unchained,n-word,131.73
Django Unchained,shit,132.1
Django Unchained,bitch,132.12
Django Unchained,fucking,132.22
Django Unchained,damn,132.3
Django Unchained,bitch,132.32
Django Unchained,fucking,132.35
Django Unchained,damn,132.37
Django Unchained,fuck,132.42
Django Unchained,fuck,132.53
Django Unchained,n-word,132.55
Django Unchained,n-word,133.17
Django Unchained,motherfucker,133.27
Django Unchained,shit,133.42
Django Unchained,shit,134.4
Django Unchained,goddamn,134.77
Django Unchained,goddamn,135.18
Django Unchained,horseshit,135.43
Django Unchained,ass,135.65
Django Unchained,goddamn,135.7
Django Unchained,bitch,135.78
Django Unchained,n-word,136.2
Django Unchained,n-word,138.3
Django Unchained,ass,140.23
Django Unchained,motherfuckers,140.25
Django Unchained,ass,140.43
Django Unchained,fucking,140.5
Django Unchained,n-word,140.68
Django Unchained,shit,140.93
Django Unchained,n-word,140.97
Django Unchained,shit,141.22
Django Unchained,hell,141.25
Django Unchained,n-word,141.27
Django Unchained,ass,141.52
Django Unchained,ass,142.42
Django Unchained,n-word,142.43
Django Unchained,fuck,143.68
Django Unchained,fuck,144.2
Django Unchained,ass,144.58
Django Unchained,bitches,144.77
Django Unchained,goddamn,145.12
Django Unchained,fucking,145.17
Django Unchained,shit,145.22
Django Unchained,ass,145.53
Django Unchained,fucking,147.2
Django Unchained,damn,147.23
Django Unchained,n-word,147.48
Django Unchained,fuck,147.62
Django Unchained,goddamn,148.43
Django Unchained,n-word,148.57
Django Unchained,fucking,149.02
Django Unchained,goddamn,152.23
Django Unchained,motherfucker,152.35
Django Unchained,bitch,157.3
Django Unchained,n-word,158.62
Django Unchained,n-word,158.65
Django Unchained,shit,158.78
Django Unchained,n-word,158.78
Django Unchained,motherfucker,158.9
Django Unchained,damn,158.92
Django Unchained,n-word,158.98
Django Unchained,horseshit,159.18
Django Unchained,n-word,159.25
Django Unchained,bitch,159.33
Django Unchained,motherfucker,159.37
Django Unchained,n-word,159.42
Django Unchained,ass,159.53
Django Unchained,n-word,159.58
Django Unchained,n-word,159.65
Django Unchained,ass,159.7
Django Unchained,ass,159.77
Django Unchained,n-word,159.8
Django Unchained,fucked,159.83
Django Unchained,n-word,159.88
Django Unchained,n-word,160.2
Django Unchained,ass,160.28
Jackie Brown,ass,4.38
Jackie Brown,shit,4.53
Jackie Brown,shit,4.63
Jackie Brown,motherfucker,4.85
Jackie Brown,shit,4.95
Jackie Brown,shit,5
Jackie Brown,motherfucker,5.28
Jackie Brown,n-word,5.37
Jackie Brown,n-word,5.45
Jackie Brown,fucking,5.53
Jackie Brown,damn,5.6
Jackie Brown,n-word,5.67
Jackie Brown,shit,5.7
Jackie Brown,n-word,6.02
Jackie Brown,motherfucker,6.08
Jackie Brown,shit,6.18
Jackie Brown,motherfucker,6.37
Jackie Brown,ass,6.7
Jackie Brown,shit,7.45
Jackie Brown,shit,8.35
Jackie Brown,n-word,8.58
Jackie Brown,n-word,8.62
Jackie Brown,n-word,8.65
Jackie Brown,motherfucking,8.82
Jackie Brown,motherfuckers,9.23
Jackie Brown,bitch,9.97
Jackie Brown,fuck,10.08
Jackie Brown,fuck,10.12
Jackie Brown,goddamn,10.2
Jackie Brown,n-word,10.2
Jackie Brown,goddamn,10.25
Jackie Brown,motherfuckers,10.5
Jackie Brown,shit,10.52
Jackie Brown,motherfucking,10.53
Jackie Brown,fuck,10.58
Jackie Brown,n-word,12.12
Jackie Brown,shit,12.82
Jackie Brown,fuck,12.82
Jackie Brown,ass,13.1
Jackie Brown,fuck,15.63
Jackie Brown,n-word,15.68
Jackie Brown,n-word,15.72
Jackie Brown,ass,15.98
Jackie Brown,motherfucking,16.03
Jackie Brown,n-word,16.1
Jackie Brown,ass,16.2
Jackie Brown,n-word,16.23
Jackie Brown,goddamn,16.25
Jackie Brown,shit,16.28
Jackie Brown,ass,16.3
Jackie Brown,ass,16.33
Jackie Brown,motherfucking,16.35
Jackie Brown,n-word,16.38
Jackie Brown,motherfucker,16.47
Jackie Brown,hell,16.52
Jackie Brown,shit,16.55
Jackie Brown,ass,16.58
Jackie Brown,shit,16.65
Jackie Brown,n-word,16.77
Jackie Brown,fucking,16.87
Jackie Brown,n-word,17.12
Jackie Brown,ass,17.22
Jackie Brown,n-word,17.25
Jackie Brown,fuck,17.3
Jackie Brown,shit,17.4
Jackie Brown,fucking,17.42
Jackie Brown,ass,17.48
Jackie Brown,fucking,17.52
Jackie Brown,n-word,17.82
Jackie Brown,n-word,17.82
Jackie Brown,n-word,17.85
Jackie Brown,n-word,17.9
Jackie Brown,n-word,17.95
Jackie Brown,ass,18.23
Jackie Brown,shit,18.38
Jackie Brown,n-word,18.8
Jackie Brown,shit,19.07
Jackie Brown,motherfucker,19.35
Jackie Brown,motherfucker,19.45
Jackie Brown,fuck,19.47
Jackie Brown,shit,19.47
Jackie Brown,fucking,19.58
Jackie Brown,ass,19.62
Jackie Brown,goddamn,19.72
Jackie Brown,goddamn,19.83
Jackie Brown,goddamn,19.93
Jackie Brown,ass,19.95
Jackie Brown,n-word,20.05
Jackie Brown,motherfucker,20.12
Jackie Brown,ass,20.17
Jackie Brown,goddamn,20.22
Jackie Brown,ass,20.28
Jackie Brown,ass,20.35
Jackie Brown,n-word,20.38
Jackie Brown,fucking,20.52
Jackie Brown,n-word,20.57
Jackie Brown,shit,20.58
Jackie Brown,fucking,20.65
Jackie Brown,motherfucker,21.05
Jackie Brown,motherfucker,21.12
Jackie Brown,goddamn,21.13
Jackie Brown,motherfucker,21.18
Jackie Brown,hell,21.22
Jackie Brown,n-word,23.07
Jackie Brown,shit,25.53
Jackie Brown,goddamn,26.13
Jackie Brown,motherfucking,26.37
Jackie Brown,ass,26.38
Jackie Brown,n-word,27.07
Jackie Brown,fuck,27.08
Jackie Brown,n-word,27.2
Jackie Brown,n-word,27.22
Jackie Brown,n-word,27.48
Jackie Brown,shitty,28.67
Jackie Brown,fucking,28.72
Jackie Brown,goddamn,29.05
Jackie Brown,fucking,29.72
Jackie Brown,fucks,30.63
Jackie Brown,shit,30.63
Jackie Brown,shittiest,30.77
Jackie Brown,fucking,30.78
Jackie Brown,shit,30.8
Jackie Brown,fuck,31.97
Jackie Brown,shit,32.13
Jackie Brown,shitty,32.4
Jackie Brown,goddamn,32.65
Jackie Brown,shit,33.47
Jackie Brown,shit,33.67
Jackie Brown,fucking,36.4
Jackie Brown,shit,36.42
Jackie Brown,shit,36.52
Jackie Brown,shit,36.97
Jackie Brown,shit,37
Jackie Brown,hell,37.13
Jackie Brown,motherfucking,37.15
Jackie Brown,ass,37.28
Jackie Brown,shit,37.33
Jackie Brown,ass,37.37
Jackie Brown,shit,37.88
Jackie Brown,shit,38.58
Jackie Brown,fuck,38.95
Jackie Brown,fucking,38.98
Jackie Brown,shit,39.3
Jackie Brown,shit,39.35
Jackie Brown,bitch,44.32
Jackie Brown,ass,45.38
Jackie Brown,hell,48.1
Jackie Brown,ass,48.1
Jackie Brown,ass,48.17
Jackie Brown,shit,48.35
Jackie Brown,damn,48.52
Jackie Brown,shit,48.53
Jackie Brown,shitload,48.6
Jackie Brown,shitload,50.45
Jackie Brown,dick,50.88
Jackie Brown,n-word,50.97
Jackie Brown,hell,51.03
Jackie Brown,fuck,51.05
Jackie Brown,fuck,51.1
Jackie Brown,ass,51.22
Jackie Brown,motherfuckers,51.32
Jackie Brown,fuck,51.4
Jackie Brown,damn,51.42
Jackie Brown,ass,51.45
Jackie Brown,fucking,51.5
Jackie Brown,ass,51.62
Jackie Brown,fuck,51.65
Jackie Brown,motherfucking,51.8
Jackie Brown,motherfucking,51.97
Jackie Brown,motherfucking,53.17
Jackie Brown,ass,57.42
Jackie Brown,fuck,57.93
Jackie Brown,ass,59.12
Jackie Brown,shit,60.2
Jackie Brown,shit,61.53
Jackie Brown,ass,61.93
Jackie Brown,goddamn,62.97
Jackie Brown,shit,63.07
Jackie Brown,shit,63.07
Jackie Brown,shit,66.05
Jackie Brown,fucking,67.82
Jackie Brown,fuck,67.95
Jackie Brown,damn,69.7
Jackie Brown,n-word,70.02
Jackie Brown,motherfuckers,70.03
Jackie Brown,ass,70.05
Jackie Brown,bullshit,70.1
Jackie Brown,motherfucker,70.12
Jackie Brown,damn,70.15
Jackie Brown,fuck,70.3
Jackie Brown,goddamn,70.45
Jackie Brown,fuck,70.8
Jackie Brown,fuck,70.9
Jackie Brown,ass,70.93
Jackie Brown,shit,71.2
Jackie Brown,fuck,71.23
Jackie Brown,damn,71.67
Jackie Brown,fucking,72.6
Jackie Brown,fuck,73.2
Jackie Brown,shit,73.27
Jackie Brown,fuck,73.85
Jackie Brown,shit,75.37
Jackie Brown,pussy,75.38
Jackie Brown,shit,75.6
Jackie Brown,bitch,75.63
Jackie Brown,fucking,75.63
Jackie Brown,fuck,75.7
Jackie Brown,n-word,75.7
Jackie Brown,damn,75.73
Jackie Brown,fuck,75.77
Jackie Brown,fucked,75.87
Jackie Brown,shit,76.18
Jackie Brown,bitches,76.32
Jackie Brown,ass,76.72
Jackie Brown,ass,76.92
Jackie Brown,bitch,77.05
Jackie Brown,fuck,77.35
Jackie Brown,bitch,77.47
Jackie Brown,ass,79.37
Jackie Brown,shit,80.33
Jackie Brown,fuck,81
Jackie Brown,shit,81.02
Jackie Brown,shit,83.92
Jackie Brown,shit,88.68
Jackie Brown,shit,88.83
Jackie Brown,hell,92.38
Jackie Brown,hell,92.38
Jackie Brown,hell,92.43
Jackie Brown,shit,92.52
Jackie Brown,shit,92.55
Jackie Brown,goddamn,92.57
Jackie Brown,fuck,92.58
Jackie Brown,ass,92.62
Jackie Brown,fucking,92.63
Jackie Brown,fuck,92.65
Jackie Brown,ass,92.7
Jackie Brown,shit,92.82
Jackie Brown,ass,92.97
Jackie Brown,damn,93.03
Jackie Brown,shit,94.13
Jackie Brown,ass,94.27
Jackie Brown,ass,94.77
Jackie Brown,damn,94.98
Jackie Brown,shit,95.07
Jackie Brown,motherfucker,95.08
Jackie Brown,motherfucker,95.13
Jackie Brown,shit,96.7
Jackie Brown,fucking,96.9
Jackie Brown,hell,97.37
Jackie Brown,bitch,98.02
Jackie Brown,ass,98.07
Jackie Brown,shit,98.15
Jackie Brown,motherfucking,98.17
Jackie Brown,goddamn,98.23
Jackie Brown,goddamn,98.45
Jackie Brown,bitch,98.45
Jackie Brown,fucking,98.47
Jackie Brown,ass,101.37
Jackie Brown,fuck,101.92
Jackie Brown,motherfucking,101.98
Jackie Brown,bitch,102.07
Jackie Brown,fucking,102.08
Jackie Brown,ass,102.08
Jackie Brown,goddamn,102.1
Jackie Brown,ass,102.32
Jackie Brown,fuck,102.33
Jackie Brown,ass,105.27
Jackie Brown,fuck,106.32
Jackie Brown,goddamn,109.7
Jackie Brown,fuck,109.77
Jackie Brown,fucking,109.82
Jackie Brown,shit,109.97
Jackie Brown,bitch,110.13
Jackie Brown,fucking,110.15
Jackie Brown,fucking,110.52
Jackie Brown,fuck,111.27
Jackie Brown,fuck,111.83
Jackie Brown,goddamn,111.85
Jackie Brown,fucking,111.9
Jackie Brown,fuck,111.97
Jackie Brown,fucking,111.98
Jackie Brown,fuck,112.07
Jackie Brown,fuck,112.35
Jackie Brown,fucking,113.18
Jackie Brown,bitch,114.98
Jackie Brown,fucking,115
Jackie Brown,fuck,116.07
Jackie Brown,fucking,120.22
Jackie Brown,fucking,120.35
Jackie Brown,fucking,120.85
Jackie Brown,bitch,121.1
Jackie Brown,fucking,121.87
Jackie Brown,fucking,121.92
Jackie Brown,ass,122.08
Jackie Brown,fuck,122.12
Jackie Brown,fuck,122.15
Jackie Brown,fuck,122.17
Jackie Brown,fucking,121.2
Jackie Brown,shit,122.28
Jackie Brown,bitch,123.32
Jackie Brown,shit,123.63
Jackie Brown,motherfucker,124.57
Jackie Brown,hell,124.65
Jackie Brown,ass,124.68
Jackie Brown,motherfuckers,124.75
Jackie Brown,fucking,124.83
Jackie Brown,fucking,124.85
Jackie Brown,fucking,124.88
Jackie Brown,fucking,124.9
Jackie Brown,goddamn,124.97
Jackie Brown,motherfucker,125.07
Jackie Brown,ass,125.1
Jackie Brown,shit,125.12
Jackie Brown,fucking,125.15
Jackie Brown,fuck,125.33
Jackie Brown,ass,125.37
Jackie Brown,shit,126.42
Jackie Brown,fucking,126.62
Jackie Brown,fucking,127.07
Jackie Brown,fucking,127.42
Jackie Brown,fucking,128.38
Jackie Brown,motherfucking,128.42
Jackie Brown,motherfucker,128.47
Jackie Brown,fuck,129.17
Jackie Brown,fucking,129.57
Jackie Brown,goddamn,130.9
Jackie Brown,motherfucking,130.92
Jackie Brown,motherfucking,131
Jackie Brown,motherfucker,131.08
Jackie Brown,motherfucker,131.18
Jackie Brown,shit,131.22
Jackie Brown,n-word,131.25
Jackie Brown,motherfucker,131.28
Jackie Brown,goddamn,131.35
Jackie Brown,motherfucker,131.38
Jackie Brown,shit,131.4
Jackie Brown,goddamn,131.45
Jackie Brown,shit,131.57
Jackie Brown,n-word,131.8
Jackie Brown,motherfucking,132.78
Jackie Brown,ass,133.05
Jackie Brown,motherfucking,133.13
Jackie Brown,fuck,134
Jackie Brown,goddamn,134.02
Jackie Brown,fucking,134.07
Jackie Brown,ass,134.18
Jackie Brown,motherfucker,134.33
Jackie Brown,motherfucker,134.5
Jackie Brown,n-word,134.78
Jackie Brown,shit,135
Jackie Brown,ass,135.67
Jackie Brown,dumbass,135.72
Jackie Brown,bullshit,136.72
Jackie Brown,fucking,136.9
Jackie Brown,ass,137.13
Jackie Brown,n-word,137.13
Jackie Brown,goddamn,138.2
Jackie Brown,bullshit,141.03
Jackie Brown,bitch,141.2
Jackie Brown,goddamn,141.23
Jackie Brown,motherfucker,141.35
Jackie Brown,n-word,141.5
Jackie Brown,motherfucker,141.55
Jackie Brown,motherfucker,141.8
Jackie Brown,motherfucker,141.93
Jackie Brown,ass,142.43
Jackie Brown,fucking,142.47
Jackie Brown,goddamn,142.97
